epoch,loss
0,1.9319043159484863
1,1.5867058038711548
2,1.5050071477890015
3,1.4602071046829224
4,1.4315539598464966
5,1.4114981889724731
6,1.3947796821594238
7,1.3820781707763672
8,1.3727154731750488
9,1.3630598783493042
